ID Lead,Denominazione,Comune,Provincia,Regione,Tipologia D.Lgs. 199/21,Destinazione Urbanistica PRG,Status Acquistabilità,Superficie (ha),Superficie (mq),Valore Agricolo Base VAM/ISMEA (€/mq),Valore Mercato Ordinario (€/mq),Premio Trasformazione Fondiaria (%),Prezzo Acquisto Target (€/mq),Valore Acquisto Terreno Target (€),Canone Annuo Diritto Sup. (€/anno),Totale Canone 30 Anni (€),Potenza FV (MWp),Produzione Annua Fissa (MWh),Produzione Annua Tracker (MWh),Boost Tracker (%),Cabina Primaria,Distanza Linea Aria (m),Distanza Stradale Cavidotto (m),CAPEX Allaccio MT Reale (€),CAPEX EPC Fisso (€),CAPEX EPC Tracker (€),CAPEX Totale Progetto Fisso (€),CAPEX Totale Progetto Tracker (€),Ricavo Annuo Energia Fisso (€),Ricavo Annuo Energia Tracker (€),Extra Ricavo Annuo Tracker (€),EBITDA Annuo Acquisto Fisso (€),EBITDA Annuo Diritto Sup. Fisso (€),EBITDA Annuo Acquisto Tracker (€),Payback Fisso (Anni),Payback Tracker (Anni),Score SunPro (0-100),Classe Rating,Proprietario,Contatto / PEC,Sintesi Perizia Estimativa
FV-AGRI-PC-002,Compendio Agricolo Seminativo — Pontenure,Pontenure,Piacenza,Emilia-Romagna,TERRENO_AGRICOLO_IDONEO,Zona E — Agricola Ordinaria (Fascia Perimetrale 350m contigua a Polo Produttivo),ACQUISTABILE_BANCABILE,12.0,120000,4.5,4.95,60.0,7.92,950400,36000,1080000,10.0,13500,16200,20.0,CP Pontenure 132/15 kV,0,0,58000,6800000,7500000,6953040,7653040,1147500,1377000,229500,1007500,971500,1217000,6.9,6.3,98.0,TOP OPPORTUNITÀ,Az. Agr. Bersani & Figli,bersaniagri@pec.it,"Terreno censito in Zona E — Agricola Ordinaria (Fascia Perimetrale 350m contigua a Polo Produttivo). Valore agricolo ordinario VAM/ISMEA di zona: 4.95 €/mq (594,000 €). Offerta target SunPro: 7.92 €/mq (950,400 €), con un premio di trasformazione del +60.0% che rende l'offerta altamente competitiva per la proprietà. In alternativa, il canone di superficie a 3.000 €/ha/anno garantisce 5.2x il reddito dell'affitto agrario ordinario."
FV-AGRI-PG-001,Seminativo di Pianura Valle Umbra — Marsciano,Marsciano,Perugia,Umbria,TERRENO_AGRICOLO_IDONEO,Zona E — Agricola Ordinaria (Fascia Perimetrale 350m contigua a Polo Produttivo),ACQUISTABILE_BANCABILE,16.0,160000,3.0,3.3,136.4,7.8,1248000,48000,1440000,13.33,18800,22560,20.0,CP Marsciano 132/20 kV,0,0,58000,9064400,9997500,9247200,10180300,1598000,1917600,319600,1411380,1363380,1704320,6.6,6.0,98.0,TOP OPPORTUNITÀ,Az. Agr. Valle Tiberina S.s.,valletiberina@pec.it,"Terreno censito in Zona E — Agricola Ordinaria (Fascia Perimetrale 350m contigua a Polo Produttivo). Valore agricolo ordinario VAM/ISMEA di zona: 3.30 €/mq (528,000 €). Offerta target SunPro: 7.80 €/mq (1,248,000 €), con un premio di trasformazione del +136.4% che rende l'offerta altamente competitiva per la proprietà. In alternativa, il canone di superficie a 3.000 €/ha/anno garantisce 7.9x il reddito dell'affitto agrario ordinario."
FV-AGRI-LO-002,Tenuta Agricola Aperta — Turano Lodigiano,Turano Lodigiano,Lodi,Lombardia,AGRIVOLTAICO_AVANZATO,Zona E — Agricola Ordinaria (Fascia Perimetrale 350m contigua a Polo Produttivo),ACQUISTABILE_BANCABILE,17.0,170000,5.2,5.46,60.1,8.74,1485800,51000,1530000,14.17,18133,21760,20.0,STAZIONE AT Terna Turano Centrale,234,304,64773,9635600,10627500,9848953,10840853,1541330,1849600,308269,1342950,1291950,1622880,7.3,6.7,96.2,TOP OPPORTUNITÀ,Agricola Bassa Lodigiana S.s.,bassalodigiana@pec.it,"Terreno censito in Zona E — Agricola Ordinaria (Fascia Perimetrale 350m contigua a Polo Produttivo). Valore agricolo ordinario VAM/ISMEA di zona: 5.46 €/mq (928,200 €). Offerta target SunPro: 8.74 €/mq (1,485,800 €), con un premio di trasformazione del +60.1% che rende l'offerta altamente competitiva per la proprietà. In alternativa, il canone di superficie a 3.000 €/ha/anno garantisce 4.6x il reddito dell'affitto agrario ordinario."
FV-AGRI-PV-003,Appezzamento Agricolo Seminativo — Cava Manara,Cava Manara,Pavia,Lombardia,TERRENO_AGRICOLO_IDONEO,Zona E — Agricola Ordinaria (Fascia Perimetrale 350m contigua a Polo Produttivo),ACQUISTABILE_BANCABILE,12.5,125000,4.3,4.73,64.9,7.8,975000,37500,1125000,10.42,13333,16000,20.0,CP Pavia Sud 132/15 kV,499,648,87166,7085600,7815000,7270266,7999666,1133330,1360000,226669,987450,949950,1193280,7.4,6.7,96.2,TOP OPPORTUNITÀ,Az. Agr. Po Ticino di Roveda S.s.,poticino.agri@pec.it,"Terreno censito in Zona E — Agricola Ordinaria (Fascia Perimetrale 350m contigua a Polo Produttivo). Valore agricolo ordinario VAM/ISMEA di zona: 4.73 €/mq (591,250 €). Offerta target SunPro: 7.80 €/mq (975,000 €), con un premio di trasformazione del +64.9% che rende l'offerta altamente competitiva per la proprietà. In alternativa, il canone di superficie a 3.000 €/ha/anno garantisce 4.6x il reddito dell'affitto agrario ordinario."
FV-CAVA-RA-001,Bacino Argille a Cielo Aperto Fornace — Faenza,Faenza,Ravenna,Emilia-Romagna,EX_CAVA,Ambito Estrattivo Dismesso / Recupero Ambientale (Zona F/Speciale),ACQUISTABILE_BANCABILE,11.0,110000,4.4,3.3,136.4,7.8,858000,33000,990000,9.17,12375,14850,20.0,CP Faenza Nord 132/15 kV,0,0,58000,6235600,6877500,6379400,7021300,1051875,1262250,210375,923495,890495,1115530,6.9,6.3,96.0,TOP OPPORTUNITÀ,Laterizi Romagnoli Soc. Coop.,lateriziromagnoli@pec.confcooperative.it,"Terreno censito in Ambito Estrattivo Dismesso / Recupero Ambientale (Zona F/Speciale). Valore agricolo ordinario VAM/ISMEA di zona: 3.30 €/mq (363,000 €). Offerta target SunPro: 7.80 €/mq (858,000 €), con un premio di trasformazione del +136.4% che rende l'offerta altamente competitiva per la proprietà. In alternativa, il canone di superficie a 3.000 €/ha/anno garantisce 5.2x il reddito dell'affitto agrario ordinario."
FV-CAVA-AR-001,Bacino Estrattivo a Cielo Aperto Valdarno — Montevarchi,Montevarchi,Arezzo,Toscana,EX_CAVA,Ambito Estrattivo Dismesso / Recupero Ambientale (Zona F/Speciale),ACQUISTABILE_BANCABILE,6.8,68000,3.1,2.33,234.8,7.8,530400,20400,612000,5.67,8046,9656,20.0,CP Montevarchi 132/15 kV,0,0,58000,3855600,4252500,3966640,4363540,683969,820760,136790,604589,584189,730040,6.6,6.0,95.0,TOP OPPORTUNITÀ,Valdarno Scavi S.r.l.,valdarnoscavi@pec.it,"Terreno censito in Ambito Estrattivo Dismesso / Recupero Ambientale (Zona F/Speciale). Valore agricolo ordinario VAM/ISMEA di zona: 2.33 €/mq (158,440 €). Offerta target SunPro: 7.80 €/mq (530,400 €), con un premio di trasformazione del +234.8% che rende l'offerta altamente competitiva per la proprietà. In alternativa, il canone di superficie a 3.000 €/ha/anno garantisce 7.1x il reddito dell'affitto agrario ordinario."
FV-CAVA-VR-001,Area Cava di Ghiaia Livellata a Terra — Zevio,Zevio,Verona,Veneto,EX_CAVA,Ambito Estrattivo Dismesso / Recupero Ambientale (Zona F/Speciale),ACQUISTABILE_BANCABILE,9.5,95000,5.2,3.9,100.0,7.8,741000,28500,855000,7.92,10291,12350,20.0,CP Zevio 132/20 kV,0,0,58000,5385600,5940000,5517700,6072100,874794,1049750,174955,763914,735414,923030,7.2,6.6,94.0,TOP OPPORTUNITÀ,Scaligera Inerti S.r.l.,scaligerainerti@pec.it,"Terreno censito in Ambito Estrattivo Dismesso / Recupero Ambientale (Zona F/Speciale). Valore agricolo ordinario VAM/ISMEA di zona: 3.90 €/mq (370,500 €). Offerta target SunPro: 7.80 €/mq (741,000 €), con un premio di trasformazione del +100.0% che rende l'offerta altamente competitiva per la proprietà. In alternativa, il canone di superficie a 3.000 €/ha/anno garantisce 5.0x il reddito dell'affitto agrario ordinario."
FV-AGRI-AL-002,Seminativo Aperto Corridoio A7/A21 — Tortona,Tortona,Alessandria,Piemonte,TERRENO_AGRICOLO_IDONEO,Zona E — Agricola Ordinaria (Fascia Perimetrale 350m contigua a Polo Produttivo),ACQUISTABILE_BANCABILE,18.5,185000,3.4,3.74,108.6,7.8,1443000,55500,1665000,15.42,20195,24235,20.0,CP Tortona 132/15 kV,610,793,96545,10485600,11565000,10726445,11805845,1716643,2059975,343332,1500763,1445263,1813255,7.1,6.5,93.4,TOP OPPORTUNITÀ,Az. Agr. Valli di Scrivia S.s.,valliscrivia@pec.it,"Terreno censito in Zona E — Agricola Ordinaria (Fascia Perimetrale 350m contigua a Polo Produttivo). Valore agricolo ordinario VAM/ISMEA di zona: 3.74 €/mq (691,900 €). Offerta target SunPro: 7.80 €/mq (1,443,000 €), con un premio di trasformazione del +108.6% che rende l'offerta altamente competitiva per la proprietà. In alternativa, il canone di superficie a 3.000 €/ha/anno garantisce 6.0x il reddito dell'affitto agrario ordinario."
FV-DISC-MN-001,Compendio Bonificato Pianeggiante a Terra — Roncoferraro,Roncoferraro,Mantova,Lombardia,DISCARICA_ESAURITA,Zona E — Agricola Ordinaria (Fascia Perimetrale 350m contigua a Polo Produttivo),ACQUISTABILE_BANCABILE,8.0,80000,4.9,5.15,60.0,8.24,659200,24000,720000,6.67,8533,10240,20.0,CP Roncoferraro 132/20 kV,0,0,58000,4535600,5002500,4659520,5126420,725330,870400,145069,631950,607950,763680,7.4,6.7,93.2,TOP OPPORTUNITÀ,Econord Ambiente S.r.l.,econord.ambiente@pec.it,"Terreno censito in Zona E — Agricola Ordinaria (Fascia Perimetrale 350m contigua a Polo Produttivo). Valore agricolo ordinario VAM/ISMEA di zona: 5.15 €/mq (412,000 €). Offerta target SunPro: 8.24 €/mq (659,200 €), con un premio di trasformazione del +60.0% che rende l'offerta altamente competitiva per la proprietà. In alternativa, il canone di superficie a 3.000 €/ha/anno garantisce 4.6x il reddito dell'affitto agrario ordinario."
FV-AGRI-RO-001,Compendio Agricolo di Bonifica — Adria,Adria,Rovigo,Veneto,TERRENO_AGRICOLO_IDONEO,Zona E — Agricola Ordinaria (Fascia Perimetrale 350m contigua a Polo Produttivo),ACQUISTABILE_BANCABILE,21.0,210000,3.9,4.09,90.7,7.8,1638000,63000,1890000,17.5,22750,27300,20.0,CP Adria 132/20 kV,775,1007,110488,11900000,13125000,12174288,13399288,1933750,2320500,386750,1688750,1625750,2040500,7.2,6.6,93.0,TOP OPPORTUNITÀ,Società Agricola Delta Po S.s.,deltapoagri@pec.it,"Terreno censito in Zona E — Agricola Ordinaria (Fascia Perimetrale 350m contigua a Polo Produttivo). Valore agricolo ordinario VAM/ISMEA di zona: 4.09 €/mq (858,900 €). Offerta target SunPro: 7.80 €/mq (1,638,000 €), con un premio di trasformazione del +90.7% che rende l'offerta altamente competitiva per la proprietà. In alternativa, il canone di superficie a 3.000 €/ha/anno garantisce 5.0x il reddito dell'affitto agrario ordinario."
FV-AGRI-MN-001,Grande Compendio Agricolo — Asola,Asola,Mantova,Lombardia,AGRIVOLTAICO_AVANZATO,Zona E — Agricola Ordinaria (Fascia Perimetrale 350m contigua a Polo Produttivo),ACQUISTABILE_BANCABILE,26.0,260000,4.9,5.15,60.0,8.24,2142400,78000,2340000,21.67,27733,33280,20.0,CP Asola (AC001E01238),735,955,107108,14735600,16252500,15056948,16573848,2357330,2828800,471469,2053950,1975950,2482080,7.3,6.7,92.2,TOP OPPORTUNITÀ,Tenuta Agricola Chiese S.s.,tenutachiese@pec.it,"Terreno censito in Zona E — Agricola Ordinaria (Fascia Perimetrale 350m contigua a Polo Produttivo). Valore agricolo ordinario VAM/ISMEA di zona: 5.15 €/mq (1,339,000 €). Offerta target SunPro: 8.24 €/mq (2,142,400 €), con un premio di trasformazione del +60.0% che rende l'offerta altamente competitiva per la proprietà. In alternativa, il canone di superficie a 3.000 €/ha/anno garantisce 4.6x il reddito dell'affitto agrario ordinario."
FV-AGRI-BS-004,Terreno Agricolo Seminativo — Bagnolo Mella,Bagnolo Mella,Brescia,Lombardia,TERRENO_AGRICOLO_IDONEO,Zona E — Agricola Ordinaria (Fascia Perimetrale 350m contigua a Polo Produttivo),ACQUISTABILE_BANCABILE,13.0,130000,5.6,6.16,49.4,9.2,1196000,39000,1170000,10.83,13866,16640,20.0,CP Bagnolo Mella (AC001E01345),275,357,68238,7364400,8122500,7552238,8310338,1178669,1414400,235730,1027049,988049,1241120,7.4,6.7,89.2,TOP OPPORTUNITÀ,Az. Agr. San Michele S.s.,sanmichele.agri@pec.it,"Terreno censito in Zona E — Agricola Ordinaria (Fascia Perimetrale 350m contigua a Polo Produttivo). Valore agricolo ordinario VAM/ISMEA di zona: 6.16 €/mq (800,800 €). Offerta target SunPro: 9.20 €/mq (1,196,000 €), con un premio di trasformazione del +49.4% che rende l'offerta altamente competitiva per la proprietà. In alternativa, il canone di superficie a 3.000 €/ha/anno garantisce 4.6x il reddito dell'affitto agrario ordinario."
FV-AGRI-AN-001,Fascia Agricola Aperta Asse SS76 — Jesi,Jesi,Ancona,Marche,TERRENO_AGRICOLO_IDONEO,Zona E — Agricola Ordinaria (Fascia Perimetrale 350m contigua a Polo Produttivo),ACQUISTABILE_BANCABILE,15.0,150000,3.4,3.74,108.6,7.8,1170000,45000,1350000,12.5,17375,20850,20.0,CP Jesi Z.I. 132/20 kV,1176,1528,144372,8500000,9375000,8761372,9636372,1476875,1772250,295375,1301875,1256875,1572250,6.7,6.1,89.0,TOP OPPORTUNITÀ,Tenuta Esina Agricola S.s.,tenutaesina@pec.it,"Terreno censito in Zona E — Agricola Ordinaria (Fascia Perimetrale 350m contigua a Polo Produttivo). Valore agricolo ordinario VAM/ISMEA di zona: 3.74 €/mq (561,000 €). Offerta target SunPro: 7.80 €/mq (1,170,000 €), con un premio di trasformazione del +108.6% che rende l'offerta altamente competitiva per la proprietà. In alternativa, il canone di superficie a 3.000 €/ha/anno garantisce 7.5x il reddito dell'affitto agrario ordinario."
FV-AGRI-PC-001,Fascia Agricola Corridoio A1 — Fiorenzuola d'Arda,Fiorenzuola d'Arda,Piacenza,Emilia-Romagna,TERRENO_AGRICOLO_IDONEO,Zona E — Agricola Ordinaria (Fascia Perimetrale 350m contigua a Polo Produttivo),ACQUISTABILE_BANCABILE,19.5,195000,4.5,4.95,60.0,7.92,1544400,58500,1755000,16.25,21937,26325,20.0,CP Fiorenzuola d'Arda (AC001E01230),2316,3010,240702,11050000,12187500,11445142,12582642,1864687,2237625,372937,1637187,1578687,1977625,7.0,6.4,84.0,TOP OPPORTUNITÀ,Tenuta Val d'Arda di F.lli Pavesi S.s.,valarda.agri@pec.it,"Terreno censito in Zona E — Agricola Ordinaria (Fascia Perimetrale 350m contigua a Polo Produttivo). Valore agricolo ordinario VAM/ISMEA di zona: 4.95 €/mq (965,250 €). Offerta target SunPro: 7.92 €/mq (1,544,400 €), con un premio di trasformazione del +60.0% che rende l'offerta altamente competitiva per la proprietà. In alternativa, il canone di superficie a 3.000 €/ha/anno garantisce 5.2x il reddito dell'affitto agrario ordinario."
FV-AGRI-MN-004,Compendio Agricolo Pianeggiante — Castiglione delle Stiviere,Castiglione delle Stiviere,Mantova,Lombardia,TERRENO_AGRICOLO_IDONEO,Zona E — Agricola Ordinaria (Fascia Perimetrale 350m contigua a Polo Produttivo),ACQUISTABILE_BANCABILE,14.5,145000,4.9,5.39,59.9,8.62,1249900,43500,1305000,12.08,15466,18560,20.0,CP Castiglione delle Stiviere (AC001E01255),1948,2532,209606,8214400,9060000,8548996,9394596,1314669,1577600,262930,1145549,1102049,1384320,7.5,6.8,82.2,TOP OPPORTUNITÀ,Agricola Colline Moreniche S.s.,collinemoreniche.agri@pec.it,"Terreno censito in Zona E — Agricola Ordinaria (Fascia Perimetrale 350m contigua a Polo Produttivo). Valore agricolo ordinario VAM/ISMEA di zona: 5.39 €/mq (781,550 €). Offerta target SunPro: 8.62 €/mq (1,249,900 €), con un premio di trasformazione del +59.9% che rende l'offerta altamente competitiva per la proprietà. In alternativa, il canone di superficie a 3.000 €/ha/anno garantisce 4.6x il reddito dell'affitto agrario ordinario."
FV-AGRI-PV-001,Grande Tenuta Agricola Seminativo — Mortara,Mortara,Pavia,Lombardia,AGRIVOLTAICO_AVANZATO,Zona E — Agricola Ordinaria (Fascia Perimetrale 350m contigua a Polo Produttivo),ACQUISTABILE_BANCABILE,25.0,250000,4.3,4.51,72.9,7.8,1950000,75000,2250000,20.83,26666,32000,20.0,CP Mortara (AC001E01214),2224,2891,232928,14164399,15622499,14592327,16050427,2266669,2720000,453330,1975049,1900049,2386720,7.4,6.7,82.2,TOP OPPORTUNITÀ,Tenuta Lomellina Agricola S.s.,tenutalomellina@pec.it,"Terreno censito in Zona E — Agricola Ordinaria (Fascia Perimetrale 350m contigua a Polo Produttivo). Valore agricolo ordinario VAM/ISMEA di zona: 4.51 €/mq (1,127,500 €). Offerta target SunPro: 7.80 €/mq (1,950,000 €), con un premio di trasformazione del +72.9% che rende l'offerta altamente competitiva per la proprietà. In alternativa, il canone di superficie a 3.000 €/ha/anno garantisce 4.6x il reddito dell'affitto agrario ordinario."
FV-AGRI-CR-004,Campi Aperti Seminativi Irrigui — Pizzighettone,Pizzighettone,Cremona,Lombardia,TERRENO_AGRICOLO_IDONEO,Zona E — Agricola Ordinaria (Fascia Perimetrale 350m contigua a Polo Produttivo),ACQUISTABILE_BANCABILE,14.0,140000,5.4,5.94,54.9,9.2,1288000,42000,1260000,11.67,14933,17920,20.0,CP Pizzighettone (AC001E01184),1312,1705,155864,7935600,8752500,8220264,9037164,1269330,1523200,253869,1105950,1063950,1336480,7.4,6.8,80.2,TOP OPPORTUNITÀ,Azienda Agricola Boschetto S.s.,boschettoagricola@pec.it,"Terreno censito in Zona E — Agricola Ordinaria (Fascia Perimetrale 350m contigua a Polo Produttivo). Valore agricolo ordinario VAM/ISMEA di zona: 5.94 €/mq (831,600 €). Offerta target SunPro: 9.20 €/mq (1,288,000 €), con un premio di trasformazione del +54.9% che rende l'offerta altamente competitiva per la proprietà. In alternativa, il canone di superficie a 3.000 €/ha/anno garantisce 4.6x il reddito dell'affitto agrario ordinario."
FV-AGRI-BS-002,Seminativo Irriguo di Pianura — Manerbio,Manerbio,Brescia,Lombardia,TERRENO_AGRICOLO_IDONEO,Zona E — Agricola Ordinaria (Fascia Perimetrale 350m contigua a Polo Produttivo),ACQUISTABILE_BANCABILE,19.0,190000,5.6,6.16,49.4,9.2,1748000,57000,1710000,15.83,20266,24320,20.0,CP Manerbio (AC001E01253),1424,1851,165328,10764400,11872500,11104528,12212628,1722669,2067200,344530,1501049,1444049,1813920,7.4,6.7,80.2,TOP OPPORTUNITÀ,Az. Agr. Cascina Mella S.s.,cascinamella@pec.it,"Terreno censito in Zona E — Agricola Ordinaria (Fascia Perimetrale 350m contigua a Polo Produttivo). Valore agricolo ordinario VAM/ISMEA di zona: 6.16 €/mq (1,170,400 €). Offerta target SunPro: 9.20 €/mq (1,748,000 €), con un premio di trasformazione del +49.4% che rende l'offerta altamente competitiva per la proprietà. In alternativa, il canone di superficie a 3.000 €/ha/anno garantisce 4.6x il reddito dell'affitto agrario ordinario."
FV-CAVA-BS-001,Compendio Estrattivo Riconvertibile — Montichiari,Montichiari,Brescia,Lombardia,EX_CAVA,Ambito Estrattivo Dismesso / Recupero Ambientale (Zona F/Speciale),ACQUISTABILE_BANCABILE,8.5,85000,5.6,4.2,85.7,7.8,663000,25500,765000,7.08,9066,10880,20.0,CP Montichiari 132/15 kV,1597,2076,179946,4814400,5310000,5060646,5556246,770669,924800,154130,671549,646049,811520,7.5,6.8,79.2,TOP OPPORTUNITÀ,Inerti del Chiese S.r.l. (in liq.),inertidelchiese@pec.it,"Terreno censito in Ambito Estrattivo Dismesso / Recupero Ambientale (Zona F/Speciale). Valore agricolo ordinario VAM/ISMEA di zona: 4.20 €/mq (357,000 €). Offerta target SunPro: 7.80 €/mq (663,000 €), con un premio di trasformazione del +85.7% che rende l'offerta altamente competitiva per la proprietà. In alternativa, il canone di superficie a 3.000 €/ha/anno garantisce 4.6x il reddito dell'affitto agrario ordinario."
FV-AGRI-GR-001,Grande Tenuta Litoranea a Campo Aperto — Grosseto,Grosseto,Grosseto,Toscana,AGRIVOLTAICO_AVANZATO,Zona E — Agricola Ordinaria (Fascia Perimetrale 350m contigua a Polo Produttivo),ACQUISTABILE_BANCABILE,32.0,320000,2.8,2.94,165.3,7.8,2496000,96000,2880000,26.67,37866,45440,20.0,CP Grosseto (AC001E00482),3470,4511,338215,18135600,20002500,18723415,20590315,3218669,3862400,643730,2845289,2749289,3435680,6.6,6.0,79.0,TOP OPPORTUNITÀ,Tenuta Maremma Solare S.s.,maremmasolare@pec.it,"Terreno censito in Zona E — Agricola Ordinaria (Fascia Perimetrale 350m contigua a Polo Produttivo). Valore agricolo ordinario VAM/ISMEA di zona: 2.94 €/mq (940,800 €). Offerta target SunPro: 7.80 €/mq (2,496,000 €), con un premio di trasformazione del +165.3% che rende l'offerta altamente competitiva per la proprietà. In alternativa, il canone di superficie a 3.000 €/ha/anno garantisce 7.1x il reddito dell'affitto agrario ordinario."
FV-AGRI-BS-005,Tenuta a Campo Aperto per Agrivoltaico — Verolanuova,Verolanuova,Brescia,Lombardia,AGRIVOLTAICO_AVANZATO,Zona E — Agricola Ordinaria (Fascia Perimetrale 350m contigua a Polo Produttivo),ACQUISTABILE_BANCABILE,24.0,240000,5.6,5.6,60.0,8.96,2150400,72000,2160000,20.0,25600,30720,20.0,CP Bassano Bresciano (AC001E01197),2817,3662,283036,13600000,15000000,14098076,15498076,2176000,2611200,435200,1896000,1824000,2291200,7.4,6.8,77.2,TOP OPPORTUNITÀ,Soc. Agr. Pianura Bresciana S.s.,pianurabresciana@pec.it,"Terreno censito in Zona E — Agricola Ordinaria (Fascia Perimetrale 350m contigua a Polo Produttivo). Valore agricolo ordinario VAM/ISMEA di zona: 5.60 €/mq (1,344,000 €). Offerta target SunPro: 8.96 €/mq (2,150,400 €), con un premio di trasformazione del +60.0% che rende l'offerta altamente competitiva per la proprietà. In alternativa, il canone di superficie a 3.000 €/ha/anno garantisce 4.6x il reddito dell'affitto agrario ordinario."
FV-AGRI-MN-005,Compendio Agricolo Seminativo Aperto — Suzzara,Suzzara,Mantova,Lombardia,TERRENO_AGRICOLO_IDONEO,Zona E — Agricola Ordinaria (Fascia Perimetrale 350m contigua a Polo Produttivo),ACQUISTABILE_BANCABILE,17.0,170000,4.9,5.39,59.9,8.62,1465400,51000,1530000,14.17,18133,21760,20.0,CP Suzzara (AC001E01229),3139,4080,310246,9635600,10627500,10092386,11084286,1541330,1849600,308269,1342950,1291950,1622880,7.5,6.8,77.2,TOP OPPORTUNITÀ,Az. Agr. Po Basso di Suzzara S.s.,pobasso.agri@pec.it,"Terreno censito in Zona E — Agricola Ordinaria (Fascia Perimetrale 350m contigua a Polo Produttivo). Valore agricolo ordinario VAM/ISMEA di zona: 5.39 €/mq (916,300 €). Offerta target SunPro: 8.62 €/mq (1,465,400 €), con un premio di trasformazione del +59.9% che rende l'offerta altamente competitiva per la proprietà. In alternativa, il canone di superficie a 3.000 €/ha/anno garantisce 4.6x il reddito dell'affitto agrario ordinario."
FV-AGRI-CR-002,Tenuta Agricola Pianeggiante Campo Aperto — Casalmaggiore,Casalmaggiore,Cremona,Lombardia,AGRIVOLTAICO_AVANZATO,Zona E — Agricola Ordinaria (Fascia Perimetrale 350m contigua a Polo Produttivo),ACQUISTABILE_BANCABILE,22.0,220000,5.4,5.67,60.0,9.07,1995400,66000,1980000,18.33,23466,28160,20.0,CP Sabbioneta (AC001E01233),2111,2744,223380,12464399,13747499,12887319,14170419,1994669,2393600,398930,1738049,1672049,2100320,7.4,6.7,75.2,TOP OPPORTUNITÀ,Società Agricola Po Verde S.s.,agricolapoverde@pec.it,"Terreno censito in Zona E — Agricola Ordinaria (Fascia Perimetrale 350m contigua a Polo Produttivo). Valore agricolo ordinario VAM/ISMEA di zona: 5.67 €/mq (1,247,400 €). Offerta target SunPro: 9.07 €/mq (1,995,400 €), con un premio di trasformazione del +60.0% che rende l'offerta altamente competitiva per la proprietà. In alternativa, il canone di superficie a 3.000 €/ha/anno garantisce 4.6x il reddito dell'affitto agrario ordinario."
FV-AGRI-LO-003,Appezzamento Agricolo Pianeggiante — Montanaso Lombardo,Montanaso Lombardo,Lodi,Lombardia,TERRENO_AGRICOLO_IDONEO,Zona E — Agricola Ordinaria (Fascia Perimetrale 350m contigua a Polo Produttivo),ACQUISTABILE_BANCABILE,13.0,130000,5.2,5.72,60.0,9.15,1189500,39000,1170000,10.83,13866,16640,20.0,CP Montanaso Lombardo (AC001E01203),2401,3121,247884,7364400,8122500,7731234,8489334,1178669,1414400,235730,1027049,988049,1241120,7.5,6.8,75.2,TOP OPPORTUNITÀ,Az. Agr. San Giorgio S.s.,sangiorgio.agri@pec.it,"Terreno censito in Zona E — Agricola Ordinaria (Fascia Perimetrale 350m contigua a Polo Produttivo). Valore agricolo ordinario VAM/ISMEA di zona: 5.72 €/mq (743,600 €). Offerta target SunPro: 9.15 €/mq (1,189,500 €), con un premio di trasformazione del +60.0% che rende l'offerta altamente competitiva per la proprietà. In alternativa, il canone di superficie a 3.000 €/ha/anno garantisce 4.6x il reddito dell'affitto agrario ordinario."
FV-AGRI-FE-001,Macro-Tenuta Agricola di Bonifica — Ostellato,Ostellato,Ferrara,Emilia-Romagna,AGRIVOLTAICO_AVANZATO,Zona E — Agricola Ordinaria (Fascia Perimetrale 350m contigua a Polo Produttivo),ACQUISTABILE_BANCABILE,38.0,380000,3.7,3.89,100.5,7.8,2964000,114000,3420000,31.67,42750,51300,20.0,CP Tresignana (AC001E00826),9410,12233,840145,21535600,23752500,22672145,24889045,3633750,4360500,726750,3190370,3076370,3853780,7.1,6.5,75.0,TOP OPPORTUNITÀ,Società Agricola Bonifiche Ferraresi Sud S.s.,bonifiche.sud@pec.it,"Terreno censito in Zona E — Agricola Ordinaria (Fascia Perimetrale 350m contigua a Polo Produttivo). Valore agricolo ordinario VAM/ISMEA di zona: 3.89 €/mq (1,478,200 €). Offerta target SunPro: 7.80 €/mq (2,964,000 €), con un premio di trasformazione del +100.5% che rende l'offerta altamente competitiva per la proprietà. In alternativa, il canone di superficie a 3.000 €/ha/anno garantisce 5.2x il reddito dell'affitto agrario ordinario."
FV-AGRI-AL-001,Tenuta Agricola Pianura Fraschetta — Alessandria,Alessandria,Alessandria,Piemonte,AGRIVOLTAICO_AVANZATO,Zona E — Agricola Ordinaria (Fascia Perimetrale 350m contigua a Polo Produttivo),ACQUISTABILE_BANCABILE,31.0,310000,3.4,3.74,108.6,7.8,2418000,93000,2790000,25.83,33841,40610,20.0,CP Alessandria (AC001E01131),3730,4849,360185,17564400,19372500,18166385,19974485,2876544,3451850,575305,2514924,2421924,3038570,7.2,6.6,74.4,QUALIFICATO,Tenuta Fraschetta Agricola S.s.,tenutafraschetta@pec.it,"Terreno censito in Zona E — Agricola Ordinaria (Fascia Perimetrale 350m contigua a Polo Produttivo). Valore agricolo ordinario VAM/ISMEA di zona: 3.74 €/mq (1,159,400 €). Offerta target SunPro: 7.80 €/mq (2,418,000 €), con un premio di trasformazione del +108.6% che rende l'offerta altamente competitiva per la proprietà. In alternativa, il canone di superficie a 3.000 €/ha/anno garantisce 6.0x il reddito dell'affitto agrario ordinario."
FV-AGRI-MN-002,Seminativo Aperto di Pianura — Viadana,Viadana,Mantova,Lombardia,TERRENO_AGRICOLO_IDONEO,Zona E — Agricola Ordinaria (Fascia Perimetrale 350m contigua a Polo Produttivo),ACQUISTABILE_BANCABILE,18.0,180000,4.9,5.39,59.9,8.62,1551600,54000,1620000,15.0,19200,23040,20.0,CP Pomponesco (AC001E01232),3744,4867,361368,10200000,11250000,10716528,11766528,1632000,1958400,326400,1422000,1368000,1718400,7.5,6.8,73.2,QUALIFICATO,Az. Agr. Oglio Po di Mantovani,ogliopoagri@pec.it,"Terreno censito in Zona E — Agricola Ordinaria (Fascia Perimetrale 350m contigua a Polo Produttivo). Valore agricolo ordinario VAM/ISMEA di zona: 5.39 €/mq (970,200 €). Offerta target SunPro: 8.62 €/mq (1,551,600 €), con un premio di trasformazione del +59.9% che rende l'offerta altamente competitiva per la proprietà. In alternativa, il canone di superficie a 3.000 €/ha/anno garantisce 4.6x il reddito dell'affitto agrario ordinario."
FV-AGRI-MN-003,Terreno Agricolo Seminativo — Marcaria,Marcaria,Mantova,Lombardia,TERRENO_AGRICOLO_IDONEO,Zona E — Agricola Ordinaria (Fascia Perimetrale 350m contigua a Polo Produttivo),ACQUISTABILE_BANCABILE,15.0,150000,4.9,5.15,60.0,8.24,1236000,45000,1350000,12.5,16000,19200,20.0,CP Redondesco (AC001E01237),5792,7529,534424,8500000,9375000,9158024,10033024,1360000,1632000,272000,1185000,1140000,1432000,7.7,7.0,73.2,QUALIFICATO,Az. Agr. Corte Bell'Aria S.s.,cortebellaria@pec.it,"Terreno censito in Zona E — Agricola Ordinaria (Fascia Perimetrale 350m contigua a Polo Produttivo). Valore agricolo ordinario VAM/ISMEA di zona: 5.15 €/mq (772,500 €). Offerta target SunPro: 8.24 €/mq (1,236,000 €), con un premio di trasformazione del +60.0% che rende l'offerta altamente competitiva per la proprietà. In alternativa, il canone di superficie a 3.000 €/ha/anno garantisce 4.6x il reddito dell'affitto agrario ordinario."
FV-AGRI-PV-002,Seminativo Aperto di Pianura — Ferrera Erbognone,Ferrera Erbognone,Pavia,Lombardia,TERRENO_AGRICOLO_IDONEO,Zona E — Agricola Ordinaria (Fascia Perimetrale 350m contigua a Polo Produttivo),ACQUISTABILE_BANCABILE,15.5,155000,4.3,4.51,72.9,7.8,1209000,46500,1395000,12.92,16533,19840,20.0,CP Sannazzaro de' Burgondi (AC001E01185),4455,5791,421448,8785600,9690000,9327948,10232348,1405330,1686400,281069,1224450,1177950,1479680,7.6,6.9,73.2,QUALIFICATO,Az. Agr. Cascinetta di Ferrera S.s.,cascinetta.agri@pec.it,"Terreno censito in Zona E — Agricola Ordinaria (Fascia Perimetrale 350m contigua a Polo Produttivo). Valore agricolo ordinario VAM/ISMEA di zona: 4.51 €/mq (699,050 €). Offerta target SunPro: 7.80 €/mq (1,209,000 €), con un premio di trasformazione del +72.9% che rende l'offerta altamente competitiva per la proprietà. In alternativa, il canone di superficie a 3.000 €/ha/anno garantisce 4.6x il reddito dell'affitto agrario ordinario."
FV-AGRI-VR-002,Seminativo di Pianura Campo Aperto — Legnago,Legnago,Verona,Veneto,AGRIVOLTAICO_AVANZATO,Zona E — Agricola Ordinaria (Fascia Perimetrale 350m contigua a Polo Produttivo),ACQUISTABILE_BANCABILE,23.0,230000,5.2,5.72,60.0,9.15,2104500,69000,2070000,19.17,24916,29900,20.0,CP Legnago (AC001E00842),2711,3524,274080,13035600,14377500,13520130,14862030,2117919,2541500,423580,1849539,1780539,2234780,7.3,6.7,71.0,QUALIFICATO,Az. Agr. Bassa Veronese di Bonfante,bassaveronese.agri@pec.it,"Terreno censito in Zona E — Agricola Ordinaria (Fascia Perimetrale 350m contigua a Polo Produttivo). Valore agricolo ordinario VAM/ISMEA di zona: 5.72 €/mq (1,315,600 €). Offerta target SunPro: 9.15 €/mq (2,104,500 €), con un premio di trasformazione del +60.0% che rende l'offerta altamente competitiva per la proprietà. In alternativa, il canone di superficie a 3.000 €/ha/anno garantisce 5.0x il reddito dell'affitto agrario ordinario."
FV-AGRI-VR-001,Grande Tenuta Agricola Seminativo — Isola della Scala,Isola della Scala,Verona,Veneto,AGRIVOLTAICO_AVANZATO,Zona E — Agricola Ordinaria (Fascia Perimetrale 350m contigua a Polo Produttivo),ACQUISTABILE_BANCABILE,27.0,270000,5.2,5.72,60.0,9.15,2470500,81000,2430000,22.5,29250,35100,20.0,CP Salizzole (AC001E00890),3941,5123,378014,15300000,16875000,15925064,17500064,2486250,2983500,497250,2171250,2090250,2623500,7.3,6.7,67.0,QUALIFICATO,Tenuta Scaligera Agricola S.s.,tenutascaligera@pec.it,"Terreno censito in Zona E — Agricola Ordinaria (Fascia Perimetrale 350m contigua a Polo Produttivo). Valore agricolo ordinario VAM/ISMEA di zona: 5.72 €/mq (1,544,400 €). Offerta target SunPro: 9.15 €/mq (2,470,500 €), con un premio di trasformazione del +60.0% che rende l'offerta altamente competitiva per la proprietà. In alternativa, il canone di superficie a 3.000 €/ha/anno garantisce 5.0x il reddito dell'affitto agrario ordinario."
FV-AGRI-CR-001,Compendio Agricolo Seminativo Irriguo — Soresina,Soresina,Cremona,Lombardia,TERRENO_AGRICOLO_IDONEO,Zona E — Agricola Ordinaria (Fascia Perimetrale 350m contigua a Polo Produttivo),ACQUISTABILE_BANCABILE,16.0,160000,5.4,5.67,60.0,9.07,1451200,48000,1440000,13.33,17066,20480,20.0,CP Castelleone (AC001E01196),6817,8862,621036,9064400,9997500,9830556,10763656,1450669,1740800,290130,1264049,1216049,1527520,7.8,7.0,66.2,QUALIFICATO,Az. Agr. Cascina Nuova di F.lli Galli S.s.,azagr.cascinanuova@pec.it,"Terreno censito in Zona E — Agricola Ordinaria (Fascia Perimetrale 350m contigua a Polo Produttivo). Valore agricolo ordinario VAM/ISMEA di zona: 5.67 €/mq (907,200 €). Offerta target SunPro: 9.07 €/mq (1,451,200 €), con un premio di trasformazione del +60.0% che rende l'offerta altamente competitiva per la proprietà. In alternativa, il canone di superficie a 3.000 €/ha/anno garantisce 4.6x il reddito dell'affitto agrario ordinario."
FV-AGRI-CR-003,Seminativo di Pianura Contiguo Buffer Z.I. — Spinadesco,Spinadesco,Cremona,Lombardia,TERRENO_AGRICOLO_IDONEO,Zona E — Agricola Ordinaria (Fascia Perimetrale 350m contigua a Polo Produttivo),ACQUISTABILE_BANCABILE,11.5,115000,5.4,5.67,60.0,9.07,1043050,34500,1035000,9.58,12266,14720,20.0,CP Acquanegra Cremonese (AC001E01183),4436,5766,419842,6514400,7185000,7038547,7709147,1042669,1251200,208530,908549,874049,1097920,7.7,7.0,66.2,QUALIFICATO,Tenuta San Rocco di Bresciani & C.,tenutasanrocco@pec.it,"Terreno censito in Zona E — Agricola Ordinaria (Fascia Perimetrale 350m contigua a Polo Produttivo). Valore agricolo ordinario VAM/ISMEA di zona: 5.67 €/mq (652,050 €). Offerta target SunPro: 9.07 €/mq (1,043,050 €), con un premio di trasformazione del +60.0% che rende l'offerta altamente competitiva per la proprietà. In alternativa, il canone di superficie a 3.000 €/ha/anno garantisce 4.6x il reddito dell'affitto agrario ordinario."
FV-AGRI-BS-001,Grande Tenuta Agricola Seminativo — Leno,Leno,Brescia,Lombardia,AGRIVOLTAICO_AVANZATO,Zona E — Agricola Ordinaria (Fascia Perimetrale 350m contigua a Polo Produttivo),ACQUISTABILE_BANCABILE,28.0,280000,5.6,5.88,56.5,9.2,2576000,84000,2520000,23.33,29866,35840,20.0,CP Ghedi (AC001E01251),5402,7022,501469,15864399,17497500,16623468,18256569,2538669,3046400,507730,2212049,2128049,2673120,7.5,6.8,66.2,QUALIFICATO,Soc. Agr. Bassa Bresciana di Ferrari S.s.,bassabresciana.agr@pec.it,"Terreno censito in Zona E — Agricola Ordinaria (Fascia Perimetrale 350m contigua a Polo Produttivo). Valore agricolo ordinario VAM/ISMEA di zona: 5.88 €/mq (1,646,400 €). Offerta target SunPro: 9.20 €/mq (2,576,000 €), con un premio di trasformazione del +56.5% che rende l'offerta altamente competitiva per la proprietà. In alternativa, il canone di superficie a 3.000 €/ha/anno garantisce 4.6x il reddito dell'affitto agrario ordinario."
FV-AGRI-BS-003,Compendio Agricolo Aperto — Orzinuovi,Orzinuovi,Brescia,Lombardia,TERRENO_AGRICOLO_IDONEO,Zona E — Agricola Ordinaria (Fascia Perimetrale 350m contigua a Polo Produttivo),ACQUISTABILE_BANCABILE,17.5,175000,5.6,5.88,56.5,9.2,1610000,52500,1575000,14.58,18666,22400,20.0,CP Orzivecchi (AC001E01344),4447,5781,420772,9914400,10935000,10496172,11516772,1586669,1904000,317330,1382549,1330049,1670720,7.6,6.9,66.2,QUALIFICATO,Azienda Agricola Oglio Sud di Rossi,az.ogliosud@pec.it,"Terreno censito in Zona E — Agricola Ordinaria (Fascia Perimetrale 350m contigua a Polo Produttivo). Valore agricolo ordinario VAM/ISMEA di zona: 5.88 €/mq (1,029,000 €). Offerta target SunPro: 9.20 €/mq (1,610,000 €), con un premio di trasformazione del +56.5% che rende l'offerta altamente competitiva per la proprietà. In alternativa, il canone di superficie a 3.000 €/ha/anno garantisce 4.6x il reddito dell'affitto agrario ordinario."
FV-AGRI-LO-001,Seminativo Irriguo a Campo Aperto — Codogno,Codogno,Lodi,Lombardia,TERRENO_AGRICOLO_IDONEO,Zona E — Agricola Ordinaria (Fascia Perimetrale 350m contigua a Polo Produttivo),ACQUISTABILE_BANCABILE,16.5,165000,5.2,5.72,60.0,9.15,1509750,49500,1485000,13.75,17600,21120,20.0,CP Casalpusterlengo (AC001E01178),4461,5799,421955,9350000,10312500,9922930,10885430,1496000,1795200,299200,1303500,1254000,1575200,7.6,6.9,66.2,QUALIFICATO,Az. Agr. Cascina Grande di Lodi S.s.,cascinagrande.lodi@pec.it,"Terreno censito in Zona E — Agricola Ordinaria (Fascia Perimetrale 350m contigua a Polo Produttivo). Valore agricolo ordinario VAM/ISMEA di zona: 5.72 €/mq (943,800 €). Offerta target SunPro: 9.15 €/mq (1,509,750 €), con un premio di trasformazione del +60.0% che rende l'offerta altamente competitiva per la proprietà. In alternativa, il canone di superficie a 3.000 €/ha/anno garantisce 4.6x il reddito dell'affitto agrario ordinario."
