ID Lead,Denominazione,Comune,Provincia,Regione,Tipologia D.Lgs. 199/21,Superficie (ha),Superficie (mq),Potenza FV (MWp),Produzione Annua (MWh),Cabina Primaria,Distanza Cabina (m),CAPEX Allaccio MT (€),CAPEX EPC Impianto (€),CAPEX Totale Progetto (€),Valore Acquisto Terreno (€),Prezzo Unitario (€/mq),Canone Annuo Diritto Sup. (€/anno),Totale Canone 30 Anni (€),Ricavo Annuo Energia (€),EBITDA Annuo con Acquisto (€),EBITDA Annuo con Diritto Sup. (€),Payback Stimato (Anni),Score SunPro (0-100),Classe Rating,Proprietario,Contatto / PEC
LEAD-ER-001,Bacino Argille Dismesso Fornace Ravennate,Faenza,Ravenna,Emilia-Romagna,EX_CAVA,11.0,110000,9.17,12375,CP Faenza Nord 132/15 kV (Enel Distribuzione),520,78800,6235600,6396900,825000,7.5,33000,990000,1051875,923495,890495,6.9,96.0,TOP OPPORTUNITÀ,Laterizi Romagnoli Soc. Coop.,lateriziromagnoli@pec.confcooperative.it
LEAD-PIEM-001,Ex Stabilimento Chimico e Terreni Pertinenziali,Tortona,Alessandria,Piemonte,BROWNFIELD,13.5,135000,11.25,14737,CP Tortona 132/15 kV (Enel Distribuzione),740,93100,7650000,7851100,1080000,8.0,40500,1215000,1252687,1095187,1054687,7.2,93.4,TOP OPPORTUNITÀ,Fallimento Ex Chimica Scrivia (Curatore Dott. F. Rossi),f94.2023alessandria@pecfallimenti.it
LEAD-TOSC-001,Ex Cava di Inerti Valdarno e Bacino Recupero,Montevarchi,Arezzo,Toscana,EX_CAVA,6.8,68000,5.67,8046,CP Montevarchi 132/15 kV,820,98300,3855600,4011020,571200,8.4,20400,612000,683969,604589,584189,6.6,93.0,TOP OPPORTUNITÀ,Valdarno Scavi e Costruzioni S.r.l.,valdarnoscavi@pec.it
FV-LOM-W1306185882,Brownfield — Sesto San Giovanni (Milano),Sesto San Giovanni,Milano,Lombardia,BROWNFIELD,31.41,314096,26.17,33503,STAZIONE_AT_TERNA Vulcano CDS,510,78150,17795600,18128167,2544178,8.1,94230,2826900,2847806,2481426,2387196,7.3,92.2,TOP OPPORTUNITÀ,Procedura Liquidatoria Area Sesto San Giovanni,fallimento.sestosangiovanni@pecfallimenti.it
FV-LOM-W151766490,Brownfield — Ospitaletto (Brescia),Ospitaletto,Brescia,Lombardia,BROWNFIELD,29.1,291046,24.25,31044,STAZIONE_AT UT Esselunga Ospitaletto,510,78150,16490000,16803897,2357473,8.1,87300,2619000,2638816,2299316,2212016,7.3,92.2,TOP OPPORTUNITÀ,Procedura Liquidatoria Area Ospitaletto,fallimento.ospitaletto@pecfallimenti.it
FV-LOM-W203468251,Brownfield — Sesto San Giovanni (Milano),Sesto San Giovanni,Milano,Lombardia,BROWNFIELD,25.16,251628,20.97,26840,STAZIONE_AT_TERNA RISE Sesto,510,78150,14259600,14541568,2038187,8.1,75480,2264400,2281425,1987845,1912365,7.3,92.2,TOP OPPORTUNITÀ,Procedura Liquidatoria Area Sesto San Giovanni,fallimento.sestosangiovanni@pecfallimenti.it
FV-LOM-W339104227,Brownfield — Turano Lodigiano (Lodi),Turano Lodigiano,Lodi,Lombardia,BROWNFIELD,19.85,198466,16.54,21169,STAZIONE_AT_TERNA Turano centrale,510,78150,11247200,11486107,1607575,8.1,59550,1786500,1799424,1567864,1508314,7.3,92.2,TOP OPPORTUNITÀ,Procedura Liquidatoria Area Turano Lodigiano,fallimento.turanolodigiano@pecfallimenti.it
FV-LOM-W163810956,Brownfield — Broni (Pavia),Broni,Pavia,Lombardia,BROWNFIELD,16.55,165531,13.79,17656,SOTTOSTAZIONE_FERROVIARIA RFI Broni,510,78150,9377200,9589430,1340801,8.1,49650,1489500,1500810,1307750,1258100,7.3,92.2,TOP OPPORTUNITÀ,Procedura Liquidatoria Area Broni,fallimento.broni@pecfallimenti.it
FV-LOM-W141562466,Brownfield — Brescia (Brescia),Brescia,Brescia,Lombardia,BROWNFIELD,13.69,136864,11.41,14598,CABINA_PRIMARIA Pietra,510,78150,7758800,7947809,1108598,8.1,41070,1232100,1240898,1081158,1040088,7.4,92.2,TOP OPPORTUNITÀ,Procedura Liquidatoria Area Brescia,fallimento.brescia@pecfallimenti.it
LEAD-VEN-001,Area Cava di Ghiaia Scaligera Z.I.,Zevio,Verona,Veneto,EX_CAVA,9.5,95000,7.92,10291,CP Zevio 132/20 kV (Enel Distribuzione),890,102850,5385600,5566350,779000,8.2,28500,855000,874794,763914,735414,7.3,92.0,TOP OPPORTUNITÀ,Scaligera Inerti S.r.l.,scaligerainerti@pec.it
LEAD-VEN-002,Comparto Industriale Espansione Adria Interporto,Adria,Rovigo,Veneto,BUFFER_INDUSTRIALE_350M,7.2,72000,6.0,7800,CP Adria 132/20 kV,410,71650,4080000,4208530,568800,7.9,21600,648000,663000,579000,557400,7.3,92.0,TOP OPPORTUNITÀ,Polesine Sviluppo Industriale S.r.l.,polesinesviluppo@pec.it
LEAD-LOMB-001,Ex Cava di Inerti e Ghiaia Montichiari,Montichiari,Brescia,Lombardia,EX_CAVA,8.5,85000,7.08,9066,CP Montichiari 132/15 kV (Enel Distribuzione),650,87250,4814400,4967950,663000,7.8,25500,765000,770669,671549,646049,7.4,91.2,TOP OPPORTUNITÀ,Inerti del Chiese S.r.l. (in liquidazione),inertidelchiese@pec.it
FV-LOM-W167441723,Brownfield — Broni (Pavia),Broni,Pavia,Lombardia,BROWNFIELD,9.69,96878,8.07,10333,CABINA_PRIMARIA Broni,510,78150,5487600,5644221,784712,8.1,29070,872100,878364,765384,736314,7.4,91.2,TOP OPPORTUNITÀ,Procedura Liquidatoria Area Broni,fallimento.broni@pecfallimenti.it
FV-LOM-W201928268,Brownfield — Corteolona e Genzone (Pavia),Corteolona e Genzone,Pavia,Lombardia,BROWNFIELD,7.88,78783,6.57,8403,STAZIONE_AT Ecoenergia,510,78150,4467600,4609564,638142,8.1,23640,709200,714297,622317,598677,7.4,91.2,TOP OPPORTUNITÀ,Procedura Liquidatoria Area Corteolona e Genzone,fallimento.corteolonaegenzone@pecfallimenti.it
FV-LOM-W434743359,Brownfield — Brescia (Brescia),Brescia,Brescia,Lombardia,BROWNFIELD,7.83,78346,6.53,8356,CABINA_PRIMARIA Donegani,510,78150,4440400,4582010,634603,8.1,23490,704700,710336,618916,595426,7.4,91.2,TOP OPPORTUNITÀ,Procedura Liquidatoria Area Brescia,fallimento.brescia@pecfallimenti.it
FV-LOM-W703098968,Brownfield — Brescia (Brescia),Brescia,Brescia,Lombardia,BROWNFIELD,7.29,72898,6.07,7775,CABINA_DA_CLASSIFICARE,510,78150,4127600,4264797,590474,8.1,21870,656100,660943,575963,554093,7.4,91.2,TOP OPPORTUNITÀ,Procedura Liquidatoria Area Brescia,fallimento.brescia@pecfallimenti.it
FV-LOM-W168909461,Brownfield — Saronno (Varese),Saronno,Varese,Lombardia,BROWNFIELD,6.17,61672,5.14,6578,CABINA_PRIMARIA Uboldo,510,78150,3495200,3623304,499543,8.1,18510,555300,559155,487195,468685,7.4,91.2,TOP OPPORTUNITÀ,Procedura Liquidatoria Area Saronno,fallimento.saronno@pecfallimenti.it
LEAD-UMB-001,Lotto Adiacente Asse E45 Zona Produttiva Valle Umbra,Marsciano,Perugia,Umbria,BUFFER_INDUSTRIALE_350M,5.2,52000,4.33,6110,CP Marsciano 132/20 kV (Enel Distribuzione),690,89850,2944400,3073770,395200,7.6,15600,468000,519350,458730,443130,6.7,89.0,TOP OPPORTUNITÀ,Agricola & Immobiliare Umbra S.r.l.,immobiliareumbra@pec.it
LEAD-MAR-001,Area Confinante Autostrada A14 e Polo Produttivo Jesi,Jesi,Ancona,Marche,FASCIA_AUTOSTRADALE_300M,6.4,64000,5.33,7413,CP Jesi Est 132/20 kV,920,104800,3624400,3784880,556800,8.7,19200,576000,630130,555510,536310,6.8,89.0,TOP OPPORTUNITÀ,Vallesina Sviluppo S.r.l.,vallesinasviluppo@pec.it
LEAD-LOMB-003,Ex Discarica Bonificata Mantova Est,Roncoferraro,Mantova,Lombardia,DISCARICA_ESAURITA,6.0,60000,5.0,6400,CP Roncoferraro 132/20 kV,1100,116500,3400000,3557900,414000,6.9,18000,540000,544000,474000,456000,7.5,88.2,TOP OPPORTUNITÀ,Econord Ambiente S.r.l.,econord.ambiente@pec.it
FV-LOM-W414164633,Buffer Industriale 350M — Castel Goffredo (Mantova),Castel Goffredo,Mantova,Lombardia,BUFFER_INDUSTRIALE_350M,59.53,595281,49.61,63496,STAZIONE_AT UT Fulgar,590,83350,33734800,34324138,5059888,8.5,178590,5357700,5397211,4702671,4524081,7.3,88.2,TOP OPPORTUNITÀ,Sviluppo Industriale Castel Goffredo S.p.A.,info.castelgoffredo@pec.it
FV-LOM-W390893484,Buffer Industriale 350M — Gussago (Brescia),Gussago,Brescia,Lombardia,BUFFER_INDUSTRIALE_350M,58.58,585822,48.82,62487,STAZIONE_AT_TERNA Gussago,590,83350,33197600,33778898,4979487,8.5,175740,5272200,5311454,4627974,4452234,7.3,88.2,TOP OPPORTUNITÀ,Sviluppo Industriale Gussago S.p.A.,info.gussago@pec.it
FV-LOM-W165394856,Buffer Industriale 350M — Castel Goffredo (Mantova),Castel Goffredo,Mantova,Lombardia,BUFFER_INDUSTRIALE_350M,58.47,584654,48.72,62363,CABINA_PRIMARIA Zecchini CS,590,83350,33129600,33709905,4969559,8.5,175410,5262300,5300863,4618783,4443373,7.3,88.2,TOP OPPORTUNITÀ,Sviluppo Industriale Castel Goffredo S.p.A.,info.castelgoffredo@pec.it
FV-LOM-W411981325,Buffer Industriale 350M — Spinadesco (Cremona),Spinadesco,Cremona,Lombardia,BUFFER_INDUSTRIALE_350M,54.84,548420,45.7,58498,STAZIONE_AT_TERNA UT Arvedi ISP,590,83350,31076000,31625507,4661570,8.5,164520,4935600,4972338,4332538,4168018,7.3,88.2,TOP OPPORTUNITÀ,Sviluppo Industriale Spinadesco S.p.A.,info.spinadesco@pec.it
FV-LOM-W775135895,Buffer Industriale 350M — Ferrera Erbognone (Pavia),Ferrera Erbognone,Pavia,Lombardia,BUFFER_INDUSTRIALE_350M,53.38,533804,44.48,56939,CABINA_DA_CLASSIFICARE,590,83350,30246399,30783483,4537334,8.5,160140,4804200,4839823,4217103,4056963,7.3,88.2,TOP OPPORTUNITÀ,Sviluppo Industriale Ferrera Erbognone S.p.A.,info.ferreraerbognone@pec.it
FV-LOM-W116519166,Buffer Industriale 350M — Spinadesco (Cremona),Spinadesco,Cremona,Lombardia,BUFFER_INDUSTRIALE_350M,52.39,523914,43.66,55884,STAZIONE_AT_TERNA Isp Cremona,590,83350,29688799,30217476,4453269,8.5,157170,4715100,4750157,4138917,3981747,7.3,88.2,TOP OPPORTUNITÀ,Sviluppo Industriale Spinadesco S.p.A.,info.spinadesco@pec.it
FV-LOM-W162960205,Buffer Industriale 350M — Montanaso Lombardo (Lodi),Montanaso Lombardo,Lodi,Lombardia,BUFFER_INDUSTRIALE_350M,50.0,499985,41.67,53331,STAZIONE_AT_TERNA Tavazzano Centrale,590,83350,28335600,28843937,4249872,8.5,150000,4500000,4533194,3949814,3799814,7.3,88.2,TOP OPPORTUNITÀ,Sviluppo Industriale Montanaso Lombardo S.p.A.,info.montanasolombardo@pec.it
FV-LOM-W203351763,Buffer Industriale 350M — Brescia (Brescia),Brescia,Brescia,Lombardia,BUFFER_INDUSTRIALE_350M,49.64,496406,41.37,52950,STAZIONE_AT UT Iveco BS,590,83350,28131600,28636895,4219451,8.5,148920,4467600,4500750,3921570,3772650,7.3,88.2,TOP OPPORTUNITÀ,Sviluppo Industriale Brescia S.p.A.,info.brescia@pec.it
FV-LOM-W202536811,Buffer Industriale 350M — Castiglione delle Stiviere (Mantova),Castiglione delle Stiviere,Mantova,Lombardia,BUFFER_INDUSTRIALE_350M,46.77,467696,38.97,49887,CABINA_PRIMARIA San Pietro BS,590,83350,26499600,26980491,3975416,8.5,140310,4209300,4240446,3694866,3554556,7.3,88.2,TOP OPPORTUNITÀ,Sviluppo Industriale Castiglione delle Stiviere S.p.A.,info.castiglionedellestiviere@pec.it
FV-LOM-W116797658,Buffer Industriale 350M — Mantova (Mantova),Mantova,Mantova,Lombardia,BUFFER_INDUSTRIALE_350M,45.43,454263,37.86,48454,STAZIONE_AT_TERNA Mantova 380,590,83350,25744800,26214273,3861236,8.5,136290,4088700,4118649,3588609,3452319,7.3,88.2,TOP OPPORTUNITÀ,Sviluppo Industriale Mantova S.p.A.,info.mantova@pec.it
FV-LOM-W412909650,Buffer Industriale 350M — Mantova (Mantova),Mantova,Mantova,Lombardia,BUFFER_INDUSTRIALE_350M,45.26,452553,37.71,48272,STAZIONE_AT_TERNA Mantova 220,590,83350,25642800,26110820,3846700,8.5,135780,4073400,4103145,3575205,3439425,7.3,88.2,TOP OPPORTUNITÀ,Sviluppo Industriale Mantova S.p.A.,info.mantova@pec.it
FV-LOM-W414164634,Buffer Industriale 350M — Castiglione delle Stiviere (Mantova),Castiglione delle Stiviere,Mantova,Lombardia,BUFFER_INDUSTRIALE_350M,45.04,450433,37.54,48046,STAZIONE_AT UT Huntsman,590,83350,25527200,25993418,3828680,8.5,135120,4053600,4083926,3558366,3423246,7.3,88.2,TOP OPPORTUNITÀ,Sviluppo Industriale Castiglione delle Stiviere S.p.A.,info.castiglionedellestiviere@pec.it
FV-LOM-W414164632,Buffer Industriale 350M — Montanaso Lombardo (Lodi),Montanaso Lombardo,Lodi,Lombardia,BUFFER_INDUSTRIALE_350M,43.04,430393,35.87,45908,STAZIONE_AT Tavazzano TAG,590,83350,24391600,24840784,3658340,8.5,129120,3873600,3902231,3400051,3270931,7.3,88.2,TOP OPPORTUNITÀ,Sviluppo Industriale Montanaso Lombardo S.p.A.,info.montanasolombardo@pec.it
FV-LOM-W116801402,Buffer Industriale 350M — Mantova (Mantova),Mantova,Mantova,Lombardia,BUFFER_INDUSTRIALE_350M,42.71,427054,35.59,45552,STAZIONE_AT Burgo Mantova,590,83350,24201200,24647545,3629959,8.5,128130,3843900,3871954,3373694,3245564,7.3,88.2,TOP OPPORTUNITÀ,Sviluppo Industriale Mantova S.p.A.,info.mantova@pec.it
LEAD-ER-002,Fascia Logistica Autostrada A1 Piacenza Sud,Pontenure,Piacenza,Emilia-Romagna,FASCIA_AUTOSTRADALE_300M,5.5,55000,4.58,6187,CP Pontenure 132/15 kV,780,95700,3114400,3258500,484000,8.8,16500,495000,525937,461817,445317,7.1,87.0,TOP OPPORTUNITÀ,Famiglia Bersani (Eredi),+39 335 6841290
LEAD-LOMB-002,Lotto Industriale Agricolo Adiacente Tangenziale Ovest,Cava Manara,Pavia,Lombardia,BUFFER_INDUSTRIALE_350M,4.2,42000,3.5,4480,CP Pavia Sud 132/15 kV,980,108700,2380000,2524400,357000,8.5,12600,378000,380800,331800,319200,7.6,86.2,TOP OPPORTUNITÀ,Sviluppo Logistica Ticino S.p.A.,sviluppoticino@legalmail.it
